{"cameraMode":{"drawMode":0,"name":"Shaded","section":"Shading Mode"},"sceneLighting":true,"audioPlay":false,"sceneViewState":{"showFog":true,"showMaterialUpdate":false,"showSkybox":true,"showFlares":true,"showImageEffects":true,"showParticleSystems":true},"in2DMode":false,"pivot":{"x":4.223552227020264,"y":4.126422882080078,"z":2.4851937294006349},"rotation":{"x":0.49023497104644778,"y":-0.4479389488697052,"z":0.3264751136302948,"w":0.6726324558258057},"size":76.48841094970703,"orthographic":true}