{"cameraMode":{"drawMode":0,"name":"Shaded","section":"Shading Mode"},"sceneLighting":false,"audioPlay":false,"sceneViewState":{"showFog":true,"showMaterialUpdate":false,"showSkybox":true,"showFlares":true,"showImageEffects":true,"showParticleSystems":true},"in2DMode":false,"pivot":{"x":38.77757263183594,"y":7.828948020935059,"z":15.211687088012696},"rotation":{"x":0.044793542474508288,"y":0.6223047375679016,"z":-0.03570704162120819,"w":0.7806762456893921},"size":17.031522750854493,"orthographic":false}