{"cameraMode":{"drawMode":0,"name":"Shaded","section":"Shading Mode"},"sceneLighting":false,"audioPlay":false,"sceneViewState":{"showFog":true,"showMaterialUpdate":false,"showSkybox":true,"showFlares":true,"showImageEffects":true,"showParticleSystems":true},"in2DMode":false,"pivot":{"x":802.4802856445313,"y":819.8226318359375,"z":104.72274017333985},"rotation":{"x":0.04908132553100586,"y":-0.09176355600357056,"z":0.004528481047600508,"w":0.9945602416992188},"size":24.220508575439454,"orthographic":false}